intel_id,source,reported_at,from_ext_id,to_ext_id,exit_type,exit_city,amount_inr,txn_ts
FRI-2151571,NCRP_INTIMATION,2026-06-29T11:21:19+05:30,EXT52832,,ATM_CASH_WITHDRAWAL,Kolkata,65052,2026-06-28T00:50:25+05:30
FRI-5664103,NCRP_INTIMATION,2026-06-30T08:11:33+05:30,EXT23429,EXT83195,,,34690,2026-06-28T12:51:50+05:30
FRI-4208206,NPCI_FRM_ALERT,2026-07-01T00:03:16+05:30,EXT51220,EXT52832,,,64229,2026-06-30T06:46:34+05:30
FRI-7600647,NPCI_FRM_ALERT,2026-07-01T04:31:00+05:30,EXT18439,EXT12907,,,25000,2026-06-30T18:35:34+05:30
FRI-7019078,PARTNER_BANK_ALERT,2026-07-02T00:17:03+05:30,EXT33250,EXT52832,,,50000,2026-07-01T15:03:40+05:30
FRI-5579953,NCRP_INTIMATION,2026-07-02T06:05:15+05:30,EXT52832,,CRYPTO_EXCHANGE_TRANSFER,Mumbai,58716,2026-06-30T08:37:00+05:30
FRI-1439087,PARTNER_BANK_ALERT,2026-07-02T07:35:59+05:30,EXT62918,,ATM_CASH_WITHDRAWAL,Patna,10000,2026-07-01T14:41:13+05:30
FRI-5595352,PARTNER_BANK_ALERT,2026-07-04T01:01:11+05:30,EXT42731,EXT87270,,,50000,2026-07-02T03:28:26+05:30
FRI-6476338,NCRP_INTIMATION,2026-07-04T21:51:44+05:30,EXT24652,,CRYPTO_EXCHANGE_TRANSFER,Hyderabad,43346,2026-07-03T19:46:58+05:30
FRI-4735223,NPCI_FRM_ALERT,2026-07-05T04:13:11+05:30,EXT17489,EXT26174,,,90635,2026-07-03T04:58:53+05:30
FRI-9682642,NCRP_INTIMATION,2026-07-06T05:15:06+05:30,EXT29771,,ATM_CASH_WITHDRAWAL,Delhi,50000,2026-07-04T17:11:43+05:30
FRI-3887854,PARTNER_BANK_ALERT,2026-07-06T10:47:42+05:30,EXT51293,,ATM_CASH_WITHDRAWAL,Surat,43463,2026-07-05T06:32:07+05:30
FRI-8218533,PARTNER_BANK_ALERT,2026-07-06T16:53:39+05:30,EXT73900,EXT51220,,,91056,2026-07-06T01:57:27+05:30
FRI-8095197,PARTNER_BANK_ALERT,2026-07-07T09:34:28+05:30,EXT23134,EXT47748,,,9999,2026-07-05T11:03:43+05:30
FRI-5302359,PARTNER_BANK_ALERT,2026-07-07T15:19:30+05:30,EXT88524,EXT32175,,,78410,2026-07-07T05:28:11+05:30
FRI-4374409,PARTNER_BANK_ALERT,2026-07-12T21:34:59+05:30,EXT70927,EXT26174,,,10000,2026-07-12T11:27:45+05:30
FRI-4401545,NCRP_INTIMATION,2026-07-13T00:03:56+05:30,EXT88524,EXT66369,,,39269,2026-07-11T18:54:44+05:30
FRI-5176158,PARTNER_BANK_ALERT,2026-07-14T10:12:01+05:30,EXT96766,,CRYPTO_EXCHANGE_TRANSFER,Delhi,78110,2026-07-12T10:56:12+05:30
FRI-8652753,PARTNER_BANK_ALERT,2026-07-14T18:27:26+05:30,EXT37682,,ATM_CASH_WITHDRAWAL,Mumbai,7201,2026-07-13T04:12:34+05:30
FRI-3624578,PARTNER_BANK_ALERT,2026-07-16T00:29:11+05:30,EXT53976,,CRYPTO_EXCHANGE_TRANSFER,Ahmedabad,83504,2026-07-14T20:07:17+05:30
FRI-8302347,PARTNER_BANK_ALERT,2026-07-16T15:21:24+05:30,EXT74509,,CARDLESS_CASH_WITHDRAWAL,Kolkata,43705,2026-07-16T07:22:52+05:30
FRI-4085387,PARTNER_BANK_ALERT,2026-07-20T12:46:19+05:30,EXT31330,,ATM_CASH_WITHDRAWAL,Mumbai,7147,2026-07-19T20:26:24+05:30
FRI-3108643,NPCI_FRM_ALERT,2026-07-21T13:18:57+05:30,EXT83195,EXT18113,,,10000,2026-07-20T09:25:09+05:30
FRI-5369190,NCRP_INTIMATION,2026-07-22T03:43:06+05:30,EXT51293,EXT33250,,,5000,2026-07-20T21:07:37+05:30
FRI-8913992,NCRP_INTIMATION,2026-07-22T09:56:02+05:30,EXT33250,EXT42731,,,8748,2026-07-20T21:35:52+05:30
FRI-9957212,NCRP_INTIMATION,2026-07-22T21:10:54+05:30,EXT23429,EXT42731,,,5000,2026-07-21T06:45:10+05:30
FRI-1012352,NPCI_FRM_ALERT,2026-07-24T10:35:34+05:30,EXT89504,EXT18113,,,70265,2026-07-23T19:32:19+05:30
FRI-4173759,NPCI_FRM_ALERT,2026-07-24T20:24:56+05:30,EXT44486,EXT50271,,,9999,2026-07-23T14:53:01+05:30
FRI-8684968,NPCI_FRM_ALERT,2026-07-25T14:38:22+05:30,EXT74509,EXT27641,,,5000,2026-07-24T19:54:53+05:30
FRI-3056604,PARTNER_BANK_ALERT,2026-07-26T14:24:55+05:30,EXT42854,EXT52832,,,50000,2026-07-25T07:29:50+05:30
FRI-5208150,NPCI_FRM_ALERT,2026-07-28T02:33:30+05:30,EXT70640,EXT51220,,,49999,2026-07-27T06:19:36+05:30
FRI-4055057,PARTNER_BANK_ALERT,2026-07-28T09:21:56+05:30,EXT97386,EXT42731,,,29169,2026-07-27T04:21:21+05:30
FRI-6277501,NCRP_INTIMATION,2026-07-28T18:47:47+05:30,EXT88874,,CRYPTO_EXCHANGE_TRANSFER,Surat,40593,2026-07-27T16:46:16+05:30
FRI-4450019,NPCI_FRM_ALERT,2026-07-29T20:08:16+05:30,EXT42854,EXT51293,,,5000,2026-07-28T06:05:21+05:30
FRI-9966103,PARTNER_BANK_ALERT,2026-07-30T02:22:20+05:30,EXT42854,EXT50271,,,42118,2026-07-29T00:19:03+05:30
FRI-7789465,NCRP_INTIMATION,2026-07-30T05:37:01+05:30,EXT66369,EXT23429,,,50000,2026-07-30T00:07:04+05:30
FRI-4725203,PARTNER_BANK_ALERT,2026-08-01T02:21:15+05:30,EXT83195,,CRYPTO_EXCHANGE_TRANSFER,Hyderabad,25000,2026-07-31T05:16:39+05:30
FRI-9832606,PARTNER_BANK_ALERT,2026-08-04T03:19:14+05:30,EXT23134,,CRYPTO_EXCHANGE_TRANSFER,Patna,50000,2026-08-04T00:09:25+05:30
FRI-6851349,NCRP_INTIMATION,2026-08-04T14:10:18+05:30,EXT96766,EXT18439,,,5000,2026-08-03T21:25:00+05:30
FRI-7403470,NCRP_INTIMATION,2026-08-04T14:42:22+05:30,EXT32175,EXT15822,,,20000,2026-08-03T08:14:58+05:30
FRI-9380556,NCRP_INTIMATION,2026-08-06T02:33:09+05:30,EXT18439,,ATM_CASH_WITHDRAWAL,Patna,10000,2026-08-05T07:23:17+05:30
FRI-5307939,NCRP_INTIMATION,2026-08-06T18:51:51+05:30,EXT15822,EXT88874,,,22292,2026-08-05T01:15:37+05:30
FRI-3009610,NCRP_INTIMATION,2026-08-08T08:19:13+05:30,EXT52832,,CRYPTO_EXCHANGE_TRANSFER,Delhi,50000,2026-08-07T12:01:53+05:30
FRI-9138020,PARTNER_BANK_ALERT,2026-08-10T05:00:41+05:30,EXT74509,EXT18113,,,50000,2026-08-09T21:11:04+05:30
FRI-9946334,PARTNER_BANK_ALERT,2026-08-11T11:38:03+05:30,EXT88874,EXT50271,,,50000,2026-08-11T04:41:51+05:30
FRI-2469406,NCRP_INTIMATION,2026-08-11T22:26:45+05:30,EXT70927,,CRYPTO_EXCHANGE_TRANSFER,Hyderabad,30191,2026-08-11T18:19:04+05:30
FRI-1438142,NPCI_FRM_ALERT,2026-08-12T10:43:23+05:30,EXT97386,EXT53421,,,62256,2026-08-10T20:46:06+05:30
FRI-6262695,NCRP_INTIMATION,2026-08-13T02:15:33+05:30,EXT62918,,CARDLESS_CASH_WITHDRAWAL,Bengaluru,10000,2026-08-11T10:36:34+05:30
FRI-9667160,NCRP_INTIMATION,2026-08-14T19:16:44+05:30,EXT44486,EXT42731,,,18492,2026-08-13T00:47:59+05:30
FRI-1384219,NCRP_INTIMATION,2026-08-15T00:53:29+05:30,EXT37682,EXT51293,,,10816,2026-08-14T05:29:51+05:30
FRI-5775247,PARTNER_BANK_ALERT,2026-08-16T15:34:14+05:30,EXT44486,,ATM_CASH_WITHDRAWAL,Kolkata,20000,2026-08-14T17:56:27+05:30
FRI-5513427,NCRP_INTIMATION,2026-08-19T02:12:01+05:30,EXT39774,,ATM_CASH_WITHDRAWAL,Kolkata,49999,2026-08-17T22:27:24+05:30
FRI-2160432,PARTNER_BANK_ALERT,2026-08-20T10:06:41+05:30,EXT44486,EXT12907,,,11751,2026-08-18T19:16:15+05:30
FRI-1860900,NCRP_INTIMATION,2026-08-20T12:58:00+05:30,EXT58809,EXT23429,,,75705,2026-08-18T20:34:45+05:30
FRI-2261415,PARTNER_BANK_ALERT,2026-08-20T19:39:59+05:30,EXT96766,EXT70442,,,67740,2026-08-20T07:21:47+05:30
FRI-7618462,NCRP_INTIMATION,2026-08-21T02:24:06+05:30,EXT88524,EXT24652,,,73457,2026-08-20T10:02:28+05:30
FRI-3230833,PARTNER_BANK_ALERT,2026-08-23T14:44:25+05:30,EXT10531,EXT26174,,,74796,2026-08-21T22:03:28+05:30
FRI-2327101,NPCI_FRM_ALERT,2026-08-25T01:11:42+05:30,EXT70927,EXT74509,,,50000,2026-08-23T17:45:07+05:30
FRI-8546983,NCRP_INTIMATION,2026-08-25T12:59:30+05:30,EXT31330,,ATM_CASH_WITHDRAWAL,Bengaluru,25000,2026-08-25T05:31:07+05:30
FRI-5269832,NPCI_FRM_ALERT,2026-08-27T21:36:44+05:30,EXT97386,EXT31330,,,21281,2026-08-27T04:08:39+05:30
FRI-3157218,PARTNER_BANK_ALERT,2026-08-29T07:56:57+05:30,EXT88524,EXT18439,,,76560,2026-08-27T20:52:31+05:30
FRI-2964083,NCRP_INTIMATION,2026-08-30T00:51:52+05:30,EXT70678,,CARDLESS_CASH_WITHDRAWAL,Delhi,20000,2026-08-28T22:13:46+05:30
FRI-3705873,PARTNER_BANK_ALERT,2026-08-31T10:19:34+05:30,EXT33537,EXT32191,,,1804,2026-08-29T14:25:48+05:30
FRI-6753439,NCRP_INTIMATION,2026-08-31T14:33:37+05:30,EXT32191,,ATM_CASH_WITHDRAWAL,Delhi,1934,2026-08-30T09:53:48+05:30
FRI-1021349,PARTNER_BANK_ALERT,2026-08-31T14:47:59+05:30,EXT32191,,ATM_CASH_WITHDRAWAL,Mumbai,1668,2026-08-30T07:25:48+05:30
FRI-7837748,PARTNER_BANK_ALERT,2026-08-31T19:38:15+05:30,EXT52832,EXT27641,,,25000,2026-08-31T06:06:21+05:30
FRI-6205605,NCRP_INTIMATION,2026-09-01T12:35:54+05:30,EXT33250,EXT83195,,,1771,2026-08-30T17:51:18+05:30
FRI-2147990,NCRP_INTIMATION,2026-09-01T20:40:42+05:30,EXT88108,EXT18439,,,20000,2026-09-01T03:22:37+05:30
FRI-8079434,NCRP_INTIMATION,2026-09-03T15:08:05+05:30,EXT88524,EXT32175,,,14352,2026-09-02T16:46:47+05:30
FRI-7735094,NCRP_INTIMATION,2026-09-05T00:13:06+05:30,EXT51220,,ATM_CASH_WITHDRAWAL,Bengaluru,50000,2026-09-04T21:33:10+05:30
FRI-7448961,PARTNER_BANK_ALERT,2026-09-05T01:33:59+05:30,EXT33537,EXT32191,,,6073,2026-09-04T21:39:40+05:30
FRI-3005911,NCRP_INTIMATION,2026-09-05T12:42:50+05:30,EXT32191,,ATM_CASH_WITHDRAWAL,Delhi,5961,2026-09-05T09:39:40+05:30
FRI-6571120,NPCI_FRM_ALERT,2026-09-05T22:59:51+05:30,EXT82164,EXT97584,,,11334,2026-09-05T14:39:30+05:30
FRI-7253799,PARTNER_BANK_ALERT,2026-09-06T10:22:32+05:30,EXT26174,EXT23429,,,20000,2026-09-05T13:21:14+05:30
FRI-5785731,NCRP_INTIMATION,2026-09-06T11:45:41+05:30,EXT42854,EXT23429,,,46819,2026-09-06T02:12:46+05:30
FRI-5690599,NCRP_INTIMATION,2026-09-06T14:38:55+05:30,EXT76252,,CARDLESS_CASH_WITHDRAWAL,Ahmedabad,82316,2026-09-06T07:13:40+05:30
FRI-1183282,PARTNER_BANK_ALERT,2026-09-06T21:17:40+05:30,EXT79689,EXT23134,,,9999,2026-09-06T15:40:06+05:30
FRI-9935375,PARTNER_BANK_ALERT,2026-09-07T14:03:13+05:30,EXT97584,,ATM_CASH_WITHDRAWAL,Hyderabad,10616,2026-09-06T10:39:30+05:30
FRI-9223738,PARTNER_BANK_ALERT,2026-09-07T18:38:05+05:30,EXT97584,,CRYPTO_EXCHANGE_TRANSFER,Ahmedabad,24531,2026-09-06T14:44:30+05:30
FRI-7459872,NPCI_FRM_ALERT,2026-09-08T06:15:28+05:30,EXT66369,EXT27641,,,5000,2026-09-06T07:56:54+05:30
FRI-4732434,NPCI_FRM_ALERT,2026-09-09T04:24:37+05:30,EXT82164,EXT97584,,,39492,2026-09-07T16:51:42+05:30
FRI-2347369,NCRP_INTIMATION,2026-09-09T10:36:06+05:30,EXT97584,,CARDLESS_CASH_WITHDRAWAL,Ahmedabad,36743,2026-09-08T11:51:42+05:30
FRI-4365592,NPCI_FRM_ALERT,2026-09-12T01:49:26+05:30,EXT24951,EXT30958,,,6512,2026-09-11T14:30:28+05:30
FRI-4329915,NPCI_FRM_ALERT,2026-09-13T00:45:46+05:30,EXT73503,EXT24951,,,7083,2026-09-11T12:45:28+05:30
FRI-2054558,PARTNER_BANK_ALERT,2026-09-13T04:27:50+05:30,EXT97584,,ATM_CASH_WITHDRAWAL,Mumbai,27953,2026-09-13T03:25:41+05:30
FRI-5514577,PARTNER_BANK_ALERT,2026-09-13T10:50:12+05:30,EXT30958,,CRYPTO_EXCHANGE_TRANSFER,Hyderabad,6223,2026-09-12T18:30:28+05:30
FRI-9572559,NPCI_FRM_ALERT,2026-09-13T14:13:57+05:30,EXT52073,EXT73503,,,25567,2026-09-12T20:19:35+05:30
FRI-8205765,PARTNER_BANK_ALERT,2026-09-13T16:31:59+05:30,EXT82164,EXT97584,,,29285,2026-09-12T15:25:41+05:30
FRI-2950609,NPCI_FRM_ALERT,2026-09-14T04:04:36+05:30,EXT73503,EXT24951,,,23880,2026-09-13T00:22:35+05:30
FRI-1366628,NPCI_FRM_ALERT,2026-09-14T04:06:42+05:30,EXT24951,EXT88249,,,19305,2026-09-14T00:58:35+05:30
FRI-6053733,PARTNER_BANK_ALERT,2026-09-14T05:44:24+05:30,EXT24951,EXT30958,,,10380,2026-09-13T04:57:35+05:30
FRI-9806802,PARTNER_BANK_ALERT,2026-09-14T08:13:09+05:30,EXT30958,,ATM_CASH_WITHDRAWAL,Mumbai,9992,2026-09-14T03:57:35+05:30
FRI-7758020,NPCI_FRM_ALERT,2026-09-14T09:24:55+05:30,EXT24951,EXT88249,,,10380,2026-09-13T04:57:35+05:30
FRI-9955150,PARTNER_BANK_ALERT,2026-09-14T09:33:39+05:30,EXT88249,,ATM_CASH_WITHDRAWAL,Delhi,9977,2026-09-14T00:57:35+05:30
FRI-7258187,NPCI_FRM_ALERT,2026-09-14T10:35:10+05:30,EXT24951,EXT30958,,,1236,2026-09-13T21:56:25+05:30
FRI-7677031,NPCI_FRM_ALERT,2026-09-14T13:14:37+05:30,EXT66369,EXT74509,,,56244,2026-09-14T07:25:57+05:30
FRI-2173802,PARTNER_BANK_ALERT,2026-09-14T18:34:58+05:30,EXT96766,EXT78248,,,45967,2026-09-13T11:54:55+05:30
FRI-9839642,PARTNER_BANK_ALERT,2026-09-14T23:02:01+05:30,EXT24951,EXT88249,,,20044,2026-09-14T20:51:29+05:30
FRI-9990713,PARTNER_BANK_ALERT,2026-09-15T00:03:34+05:30,EXT30958,,ATM_CASH_WITHDRAWAL,Kolkata,1151,2026-09-14T07:56:25+05:30
FRI-7263045,NPCI_FRM_ALERT,2026-09-15T00:12:46+05:30,EXT24951,EXT30958,,,19305,2026-09-14T00:58:35+05:30
FRI-8826289,NPCI_FRM_ALERT,2026-09-15T03:18:40+05:30,EXT52073,EXT73503,,,45027,2026-09-13T18:08:35+05:30
FRI-3176179,NCRP_INTIMATION,2026-09-15T05:58:46+05:30,EXT30958,,CRYPTO_EXCHANGE_TRANSFER,Hyderabad,18860,2026-09-14T15:58:35+05:30
FRI-8149757,PARTNER_BANK_ALERT,2026-09-15T06:13:06+05:30,EXT88249,,CRYPTO_EXCHANGE_TRANSFER,Mumbai,1149,2026-09-14T16:56:25+05:30
FRI-3358853,NPCI_FRM_ALERT,2026-09-15T07:17:32+05:30,EXT73503,EXT24951,,,41985,2026-09-13T20:35:35+05:30
FRI-6540120,NCRP_INTIMATION,2026-09-15T10:13:02+05:30,EXT88249,,CARDLESS_CASH_WITHDRAWAL,Ahmedabad,17991,2026-09-14T13:58:35+05:30
FRI-7700030,NPCI_FRM_ALERT,2026-09-15T10:41:47+05:30,EXT24951,EXT88249,,,1236,2026-09-13T21:56:25+05:30
FRI-3686890,NPCI_FRM_ALERT,2026-09-15T12:16:01+05:30,EXT52073,EXT73503,,,23289,2026-09-14T18:07:35+05:30
FRI-3676083,NPCI_FRM_ALERT,2026-09-15T13:08:39+05:30,EXT73503,EXT24951,,,2736,2026-09-13T17:42:25+05:30
FRI-5767739,NPCI_FRM_ALERT,2026-09-15T18:25:06+05:30,EXT82164,EXT97584,,,23013,2026-09-14T19:41:29+05:30
FRI-1896680,NCRP_INTIMATION,2026-09-15T19:11:07+05:30,EXT70640,,CARDLESS_CASH_WITHDRAWAL,Hyderabad,20000,2026-09-13T20:30:19+05:30
FRI-2302749,PARTNER_BANK_ALERT,2026-09-15T20:21:05+05:30,EXT73503,EXT24951,,,14289,2026-09-14T18:50:49+05:30
FRI-8535687,NCRP_INTIMATION,2026-09-15T21:15:09+05:30,EXT96766,EXT18113,,,83371,2026-09-15T02:48:07+05:30
FRI-1074614,NPCI_FRM_ALERT,2026-09-16T00:04:17+05:30,EXT52073,EXT73503,,,38887,2026-09-15T18:43:25+05:30
FRI-1794190,PARTNER_BANK_ALERT,2026-09-16T07:07:29+05:30,EXT24951,EXT30958,,,12609,2026-09-14T23:13:49+05:30
FRI-4364370,NPCI_FRM_ALERT,2026-09-16T19:35:27+05:30,EXT73503,EXT24951,,,20360,2026-09-14T23:52:35+05:30
FRI-3717033,NCRP_INTIMATION,2026-09-16T19:56:59+05:30,EXT97584,,CARDLESS_CASH_WITHDRAWAL,Kolkata,22596,2026-09-15T21:41:29+05:30
FRI-5638766,PARTNER_BANK_ALERT,2026-09-16T20:28:07+05:30,EXT88249,,CRYPTO_EXCHANGE_TRANSFER,Ahmedabad,19744,2026-09-15T19:51:29+05:30
FRI-3614492,PARTNER_BANK_ALERT,2026-09-16T20:47:17+05:30,EXT24951,EXT30958,,,20044,2026-09-14T20:51:29+05:30
FRI-5594913,PARTNER_BANK_ALERT,2026-09-16T22:03:01+05:30,EXT30958,,CRYPTO_EXCHANGE_TRANSFER,Ahmedabad,17501,2026-09-15T15:01:35+05:30
FRI-4784524,NPCI_FRM_ALERT,2026-09-16T22:08:19+05:30,EXT24951,EXT30958,,,10852,2026-09-15T23:06:49+05:30
FRI-1510655,PARTNER_BANK_ALERT,2026-09-16T23:48:30+05:30,EXT24951,EXT30958,,,17816,2026-09-15T02:01:35+05:30
FRI-6563374,PARTNER_BANK_ALERT,2026-09-17T00:07:14+05:30,EXT30958,,CARDLESS_CASH_WITHDRAWAL,Bengaluru,19172,2026-09-15T08:51:29+05:30
FRI-3341114,NPCI_FRM_ALERT,2026-09-17T05:13:00+05:30,EXT73503,EXT24951,,,36244,2026-09-16T00:02:25+05:30
FRI-2151881,PARTNER_BANK_ALERT,2026-09-17T06:13:32+05:30,EXT52073,EXT73503,,,36216,2026-09-16T21:05:25+05:30
FRI-5362758,PARTNER_BANK_ALERT,2026-09-17T06:19:14+05:30,EXT30958,,CRYPTO_EXCHANGE_TRANSFER,Mumbai,11890,2026-09-15T19:13:49+05:30
FRI-5710487,PARTNER_BANK_ALERT,2026-09-17T10:54:03+05:30,EXT97584,,CARDLESS_CASH_WITHDRAWAL,Bengaluru,17648,2026-09-15T14:48:29+05:30
FRI-6218815,PARTNER_BANK_ALERT,2026-09-17T12:04:01+05:30,EXT73503,EXT24951,,,38885,2026-09-16T14:01:49+05:30
FRI-2170385,PARTNER_BANK_ALERT,2026-09-17T13:51:51+05:30,EXT88249,,CARDLESS_CASH_WITHDRAWAL,Bengaluru,17129,2026-09-17T07:00:04+05:30
FRI-2718126,PARTNER_BANK_ALERT,2026-09-17T15:40:39+05:30,EXT24951,EXT88249,,,10852,2026-09-15T23:06:49+05:30
FRI-3855141,PARTNER_BANK_ALERT,2026-09-17T16:29:40+05:30,EXT24951,EXT88249,,,17429,2026-09-16T18:41:49+05:30
FRI-5013087,NPCI_FRM_ALERT,2026-09-17T18:41:02+05:30,EXT73503,EXT24951,,,23380,2026-09-15T18:58:49+05:30
FRI-7768423,NPCI_FRM_ALERT,2026-09-17T19:48:23+05:30,EXT24951,EXT30958,,,18165,2026-09-16T16:00:04+05:30
FRI-1783563,NPCI_FRM_ALERT,2026-09-17T21:23:08+05:30,EXT24951,EXT88249,,,33931,2026-09-16T01:46:25+05:30
FRI-6273906,NPCI_FRM_ALERT,2026-09-17T21:35:10+05:30,EXT82164,EXT97584,,,57352,2026-09-16T18:53:56+05:30
FRI-6234621,NPCI_FRM_ALERT,2026-09-17T23:25:18+05:30,EXT24951,EXT30958,,,29673,2026-09-17T01:33:25+05:30
FRI-6748311,PARTNER_BANK_ALERT,2026-09-18T01:51:19+05:30,EXT24951,EXT30958,,,17429,2026-09-16T18:41:49+05:30
FRI-4560100,NCRP_INTIMATION,2026-09-18T02:24:02+05:30,EXT97584,,ATM_CASH_WITHDRAWAL,Mumbai,56636,2026-09-17T12:53:56+05:30
FRI-1812765,NPCI_FRM_ALERT,2026-09-18T03:07:59+05:30,EXT73503,EXT24951,,,31979,2026-09-16T23:49:25+05:30
FRI-9418653,PARTNER_BANK_ALERT,2026-09-18T03:17:47+05:30,EXT24951,EXT88249,,,18165,2026-09-16T16:00:04+05:30
FRI-1859080,NPCI_FRM_ALERT,2026-09-18T03:27:32+05:30,EXT52073,EXT73503,,,6901,2026-09-17T16:02:04+05:30
FRI-3164958,PARTNER_BANK_ALERT,2026-09-18T03:30:14+05:30,EXT30958,,CRYPTO_EXCHANGE_TRANSFER,Delhi,16308,2026-09-17T06:41:49+05:30
FRI-3262373,PARTNER_BANK_ALERT,2026-09-18T03:59:35+05:30,EXT24951,EXT30958,,,2892,2026-09-17T22:27:04+05:30
FRI-4194768,PARTNER_BANK_ALERT,2026-09-18T04:18:16+05:30,EXT88249,,ATM_CASH_WITHDRAWAL,Kolkata,32315,2026-09-17T03:46:25+05:30
FRI-2600708,PARTNER_BANK_ALERT,2026-09-18T07:49:27+05:30,EXT88249,,CRYPTO_EXCHANGE_TRANSFER,Mumbai,10054,2026-09-16T12:06:49+05:30
FRI-5625415,NPCI_FRM_ALERT,2026-09-18T13:22:00+05:30,EXT73503,EXT24951,,,6295,2026-09-17T18:07:04+05:30
FRI-6602641,PARTNER_BANK_ALERT,2026-09-18T13:51:49+05:30,EXT30958,,CARDLESS_CASH_WITHDRAWAL,Delhi,10522,2026-09-16T23:06:49+05:30
FRI-2133651,PARTNER_BANK_ALERT,2026-09-18T18:02:16+05:30,EXT88249,,ATM_CASH_WITHDRAWAL,Bengaluru,18506,2026-09-17T06:22:04+05:30
FRI-3299644,PARTNER_BANK_ALERT,2026-09-18T21:10:23+05:30,EXT32191,,CARDLESS_CASH_WITHDRAWAL,Ahmedabad,14085,2026-09-18T17:29:39+05:30
FRI-5645348,PARTNER_BANK_ALERT,2026-09-19T00:56:38+05:30,EXT30958,,ATM_CASH_WITHDRAWAL,Hyderabad,17170,2026-09-17T21:00:04+05:30
FRI-6709039,PARTNER_BANK_ALERT,2026-09-19T00:59:07+05:30,EXT17489,EXT51220,,,5000,2026-09-17T03:21:09+05:30
FRI-8864251,NPCI_FRM_ALERT,2026-09-19T01:25:36+05:30,EXT24951,EXT88249,,,2892,2026-09-17T22:27:04+05:30
FRI-5074663,PARTNER_BANK_ALERT,2026-09-19T02:10:21+05:30,EXT97584,,ATM_CASH_WITHDRAWAL,Hyderabad,22734,2026-09-17T07:22:56+05:30
FRI-8013039,PARTNER_BANK_ALERT,2026-09-19T05:57:18+05:30,EXT30958,,ATM_CASH_WITHDRAWAL,Ahmedabad,2819,2026-09-18T09:27:04+05:30
FRI-2835287,PARTNER_BANK_ALERT,2026-09-19T07:21:25+05:30,EXT88249,,CARDLESS_CASH_WITHDRAWAL,Bengaluru,16890,2026-09-17T14:41:49+05:30
FRI-6480136,PARTNER_BANK_ALERT,2026-09-19T10:48:10+05:30,EXT30958,,CARDLESS_CASH_WITHDRAWAL,Delhi,27873,2026-09-17T22:33:25+05:30
FRI-4994296,NCRP_INTIMATION,2026-09-19T11:48:47+05:30,EXT32191,,CARDLESS_CASH_WITHDRAWAL,Mumbai,6426,2026-09-19T08:52:54+05:30
FRI-2533169,NPCI_FRM_ALERT,2026-09-19T13:37:01+05:30,EXT33537,EXT32191,,,15109,2026-09-17T18:29:39+05:30
FRI-1558245,NPCI_FRM_ALERT,2026-09-19T18:09:44+05:30,EXT33537,EXT32191,,,6742,2026-09-18T14:52:54+05:30
FRI-1178528,PARTNER_BANK_ALERT,2026-09-19T20:39:54+05:30,EXT88249,,CARDLESS_CASH_WITHDRAWAL,Mumbai,2759,2026-09-18T09:27:04+05:30
FRI-8328262,NPCI_FRM_ALERT,2026-09-19T23:55:04+05:30,EXT52073,EXT73503,,,21767,2026-09-18T15:25:04+05:30
FRI-3730106,NPCI_FRM_ALERT,2026-09-20T01:56:18+05:30,EXT73503,EXT24951,,,19517,2026-09-18T18:42:04+05:30
FRI-3968857,NPCI_FRM_ALERT,2026-09-20T13:04:06+05:30,EXT24951,EXT30958,,,27787,2026-09-19T20:39:56+05:30
FRI-3972429,NPCI_FRM_ALERT,2026-09-20T13:46:48+05:30,EXT52073,EXT73503,,,37278,2026-09-19T17:50:04+05:30
FRI-5548594,PARTNER_BANK_ALERT,2026-09-20T14:58:11+05:30,EXT24951,EXT88249,,,27787,2026-09-19T20:39:56+05:30
FRI-4903513,NPCI_FRM_ALERT,2026-09-20T16:27:34+05:30,EXT24951,EXT88249,,,18143,2026-09-18T22:36:04+05:30
FRI-4381161,NPCI_FRM_ALERT,2026-09-20T21:40:52+05:30,EXT24951,EXT88249,,,18441,2026-09-20T20:30:08+05:30
FRI-1280635,NPCI_FRM_ALERT,2026-09-21T00:59:22+05:30,EXT24951,EXT88249,,,15456,2026-09-20T01:26:04+05:30
FRI-8149261,NPCI_FRM_ALERT,2026-09-21T02:23:20+05:30,EXT73503,EXT24951,,,32934,2026-09-19T20:41:04+05:30
FRI-7864411,PARTNER_BANK_ALERT,2026-09-21T06:16:41+05:30,EXT32191,,ATM_CASH_WITHDRAWAL,Ahmedabad,2922,2026-09-19T07:21:54+05:30
FRI-8226442,NCRP_INTIMATION,2026-09-21T08:40:34+05:30,EXT32175,EXT70927,,,66158,2026-09-20T05:15:40+05:30
FRI-8245316,NCRP_INTIMATION,2026-09-21T10:18:30+05:30,EXT88249,,ATM_CASH_WITHDRAWAL,Mumbai,17862,2026-09-19T12:36:04+05:30
FRI-6007620,PARTNER_BANK_ALERT,2026-09-21T15:56:49+05:30,EXT24951,EXT30958,,,15456,2026-09-20T01:26:04+05:30
FRI-3794801,PARTNER_BANK_ALERT,2026-09-22T03:02:59+05:30,EXT88249,,CRYPTO_EXCHANGE_TRANSFER,Kolkata,29687,2026-09-21T03:03:23+05:30
FRI-7577189,NCRP_INTIMATION,2026-09-22T06:20:25+05:30,EXT88249,,ATM_CASH_WITHDRAWAL,Kolkata,27414,2026-09-20T21:39:56+05:30
FRI-5375963,NCRP_INTIMATION,2026-09-22T07:28:22+05:30,EXT88249,,ATM_CASH_WITHDRAWAL,Delhi,15260,2026-09-20T14:26:04+05:30
FRI-5773584,NCRP_INTIMATION,2026-09-22T07:36:58+05:30,EXT30958,,CRYPTO_EXCHANGE_TRANSFER,Mumbai,26807,2026-09-20T20:39:56+05:30
FRI-4170650,PARTNER_BANK_ALERT,2026-09-22T09:00:52+05:30,EXT88249,,CARDLESS_CASH_WITHDRAWAL,Kolkata,17613,2026-09-21T14:30:08+05:30
FRI-3011273,NCRP_INTIMATION,2026-09-22T09:23:39+05:30,EXT24652,EXT18439,,,49999,2026-09-20T09:34:42+05:30
FRI-3284070,PARTNER_BANK_ALERT,2026-09-22T16:32:02+05:30,EXT30958,,ATM_CASH_WITHDRAWAL,Delhi,14828,2026-09-21T04:26:04+05:30
FRI-7177377,NPCI_FRM_ALERT,2026-09-22T16:47:30+05:30,EXT33537,EXT32191,,,24814,2026-09-21T20:33:39+05:30
FRI-5539783,NCRP_INTIMATION,2026-09-24T06:13:53+05:30,EXT32191,,CARDLESS_CASH_WITHDRAWAL,Kolkata,23938,2026-09-22T21:33:39+05:30
FRI-2716519,NPCI_FRM_ALERT,2026-09-24T17:30:38+05:30,EXT18113,EXT96766,,,10000,2026-09-22T22:16:30+05:30
FRI-3478208,NPCI_FRM_ALERT,2026-09-26T00:10:18+05:30,EXT24951,EXT88249,,,10713,2026-09-25T17:30:13+05:30
FRI-7946385,NPCI_FRM_ALERT,2026-09-26T04:16:09+05:30,EXT24951,EXT30958,,,10713,2026-09-25T17:30:13+05:30
FRI-6925903,NCRP_INTIMATION,2026-09-26T08:48:41+05:30,EXT30958,,ATM_CASH_WITHDRAWAL,Kolkata,10035,2026-09-26T07:30:13+05:30
FRI-1411340,NCRP_INTIMATION,2026-09-26T10:19:21+05:30,EXT88249,,CRYPTO_EXCHANGE_TRANSFER,Kolkata,18181,2026-09-26T09:10:13+05:30
FRI-1493525,PARTNER_BANK_ALERT,2026-09-26T11:00:00+05:30,EXT88249,,CARDLESS_CASH_WITHDRAWAL,Kolkata,10509,2026-09-26T11:00:00+05:30
FRI-1654306,PARTNER_BANK_ALERT,2026-09-26T11:00:00+05:30,EXT30958,,CRYPTO_EXCHANGE_TRANSFER,Delhi,17292,2026-09-26T11:00:00+05:30
FRI-3872848,NPCI_FRM_ALERT,2026-09-26T11:00:00+05:30,EXT24951,EXT88249,,,17651,2026-09-26T11:00:00+05:30
FRI-4592275,NCRP_INTIMATION,2026-09-26T11:00:00+05:30,EXT88249,,CARDLESS_CASH_WITHDRAWAL,Ahmedabad,17077,2026-09-26T11:00:00+05:30
FRI-9586837,PARTNER_BANK_ALERT,2026-09-26T11:00:00+05:30,EXT24951,EXT30958,,,17651,2026-09-26T11:00:00+05:30
